,Tweets,date
0,"M 3/6/23 open #WorldUnivAndSch #WUaSNewsAndQA Recording : https://t.co/D1CeEcGbPj (https://t.co/ZdmUSqVqTD) A conscious, thinking, (ethical esp?) university? https://t.co/XjISkvpwrP #WUaSabolition #AIWikiSchools #ChatGPT #GoogleBard #LargeLanguageModels #RealisticVirtualEarth ~ https://t.co/kbfJhhuhaS",2023-03-06 18:18:39+00:00
1,"M 3/6/23 open #WorldUnivAndSch #WUaSNewsAndQA Recording : https://t.co/D1CeEcGbPj (https://t.co/ZdmUSqVqTD) A conscious, thinking, (ethical esp?) university? https://t.co/XjISkvpwrP #WUaSabolition #AIWikiSchools #ChatGPT #GoogleBard #LargeLanguageModels #RealisticVirtualEarth ~ https://t.co/kbfJhhuhaS",2023-03-06 17:11:16+00:00
2,"M 3/6/23 open #WorldUnivAndSch #WUaSNewsAndQA Recording : https://t.co/NqAVrqFDOs (https://t.co/Yok3q40MxP) A conscious, thinking, (ethical esp?) university? https://t.co/NmbImMHYCF #WUaSabolition #AIWikiSchools #ChatGPT #GoogleBard #LargeLanguageModels #RealisticVirtualEarth ~ https://t.co/LX0LN3SBk0",2023-03-06 17:10:14+00:00
3,"M 3/6/23 open #WorldUnivAndSch #WUaSNewsAndQA Recording : https://t.co/YzhySyEDmo (https://t.co/2WzYfcNBG8) A conscious, thinking, (ethical esp?) university? https://t.co/6rY6nwKwri #WUaSabolition #AIWikiSchools #ChatGPT #GoogleBard #LargeLanguageModels #RealisticVirtualEarth ~ https://t.co/6RiZ5niyj0",2023-03-06 17:08:18+00:00
4,"M 3/6/23 open #WorldUnivAndSch #WUaSNewsAndQA Recording : https://t.co/NqAVrqFDOs (https://t.co/Yok3q40MxP) A conscious, thinking, (ethical esp?) university? https://t.co/NmbImMHYCF #WUaSabolition #AIWikiSchools #ChatGPT #GoogleBard #LargeLanguageModels #RealisticVirtualEarth ~ https://t.co/LX0LN3SBk0",2023-03-06 17:07:12+00:00
5,"M 3/6/23 open #WorldUnivAndSch #WUaSNewsAndQA Recording : https://t.co/AtAYH7WKvF (https://t.co/q9ZlK6Hg0A) A conscious, thinking, (ethical esp?) university? https://t.co/Xxk9SEjejv #WUaSabolition #AIWikiSchools #ChatGPT #GoogleBard #LargeLanguageModels #RealisticVirtualEarth ~ https://t.co/tPvOPqTWqA",2023-03-06 17:05:59+00:00
6,"M 3/6/23 open #WorldUnivAndSch #WUaSNewsAndQA Recording : https://t.co/EVWGqA3auZ (https://t.co/5MgfBsl5wg) A conscious, thinking, (ethical esp?) university? https://t.co/YwLgx34AwI #WUaSabolition #AIWikiSchools #ChatGPT #GoogleBard #LargeLanguageModels #RealisticVirtualEarth ~ https://t.co/20BV9WtWI7",2023-03-06 17:05:16+00:00
7,"M 3/6/23 open #WorldUnivAndSch #WUaSNewsAndQA Recording : https://t.co/EVWGqA3auZ (https://t.co/5MgfBsl5wg) A conscious, thinking, (ethical esp?) university? https://t.co/YwLgx34AwI #WUaSabolition #AIWikiSchools #ChatGPT #GoogleBard #LargeLanguageModels #RealisticVirtualEarth ~ https://t.co/20BV9WtWI7",2023-03-06 16:41:27+00:00
8,"#GoogleBard #ChatGPT will likely draw on #WikipediaWikidata (which @WorldUnivAndSch has been in since 2015) in 300 #WUaSlanguages (&amp; planning 7151 #WUaSLivingLanguages) @SandhiniAgarwal @LiamFedus, @JanLeike, @JohnSchulman2, @vrandezo #DennyVrandecic, #PeterNorvig #GoogleWUaSAI ? https://t.co/192kWOWYr5",2023-03-06 16:34:01+00:00
9,"#AIWikiSchools with #ChatGPT #GoogleBard in @WorldUnivAndSch's 7151 #WUaSLivingLanguages
https://t.co/O0RI3sXJ76 where we're - all 7.9 billion people - teachers of this #AIConversation software in any #WikiSubject https://t.co/jHXl7KZMoh #WUaSacademic #WUaScreative #WikiSchools ~",2023-03-06 12:38:35+00:00
10,"Not worried about the #AITakeover as long as we have this. 

#ArtificialIntelligence #AIart #AIvsHumans #HumansvsAI #ChatGPT #GoogleAI #GoogleBard https://t.co/M1G6N0WOi3",2023-03-06 10:24:17+00:00
11,"ChatGPT vs ChatSonic vs Bard vs Ernie: The battle of AI-powered chatbots #AIbackedchatbot #AIbackedplatform #bard #ChatGPT #chatgptvsbard #chatgptvschatsonic #chatsonic #ernie #googlebard #OpenAI #OpenAIChatGPT https://t.co/hGlp7qOf3s
https://t.co/sAhbv2oYf2",2023-03-06 09:48:07+00:00
12,"https://t.co/gSQCqdZxdS domain name is available for sale.

#ChatGPT #OpenAi #GenerativeAI #GenerativeAiChatbot #GenerativeAiArt #AiChatbot #ConversationalAi #ConvAi #GPT #chatgpt3 #BARD #Google #GoogleBard",2023-03-06 09:34:40+00:00
13,"https://t.co/1jWHkq94h1 domain name is available for sale.

#ChatGPT #OpenAi #AiChatbot #ConversationalAi #ConvAi #GPT #chatgpt3 #BARD #Google #GoogleBard 

https://t.co/gYN4Nn6hTO",2023-03-06 09:22:48+00:00
14,"#ChatGPT vs #BARD ‚Äì 7 Key Differences between OpenAI‚Äôs ChatGPT vs Google‚Äôs Bard Which is Better to use ?

#chatgptvsbard #chatgpt #BARD
#GoogleBard #bardai #OpenAI
#OpenAIChatGPT 

https://t.co/Id4fXQu0tK",2023-03-06 08:58:18+00:00
15,"#AIWikiSchools with #ChatGPT #GoogleBard in @WorldUnivAndSch's 7151 #WUaSLivingLanguages
https://t.co/5gPNFnivRL where we're - all 7.9 billion people - teachers of this #AIConversation software in any #WikiSubject https://t.co/lFShW9JROj #WUaSacademic #WUaScreative #WikiSchools ~",2023-03-06 08:56:32+00:00
16,"#AIWikiSchools with #ChatGPT #GoogleBard in @WorldUnivAndSch's 7151 #WUaSLivingLanguages
https://t.co/vPfIrWR2w9 where we're - all 7.9 billion people - teachers of this #AIConversation software in any #WikiSubject https://t.co/dLJc25SiYI #WUaSacademic #WUaScreative #WikiSchools ~",2023-03-06 08:56:25+00:00
17,"#AIWikiSchools with #ChatGPT #GoogleBard in @WorldUnivAndSch's 7151 #WUaSLivingLanguages
https://t.co/8HVyW0Vl9G where we're - all 7.9 billion people - teachers of this #AIConversation software in any #WikiSubject https://t.co/iVYHvcgMJS #WUaSacademic #WUaScreative #WikiSchools ~",2023-03-06 08:52:11+00:00
18,"#GoogleBard #ChatGPT will likely draw on #WikipediaWikidata (which @WorldUnivAndSch has been in since 2015) in 300 #WUaSlanguages (&amp; planning 7151 #WUaSLivingLanguages) @SandhiniAgarwal @LiamFedus, @JanLeike, @JohnSchulman2, @vrandezo #DennyVrandecic, #PeterNorvig #GoogleWUaSAI ? https://t.co/192kWOWYr5",2023-03-06 08:25:25+00:00
19,"#GoogleBard #ChatGPT will likely draw on #WikipediaWikidata (which @WorldUnivAndSch has been in since 2015) in 300 #WUaSlanguages (&amp; planning 7151 #WUaSLivingLanguages) @SandhiniAgarwal @LiamFedus, @JanLeike, @JohnSchulman2, @vrandezo #DennyVrandecic, #PeterNorvig #GoogleWUaSAI ? https://t.co/192kWOWYr5",2023-03-06 08:21:00+00:00
20,"Top 10 AI Tools to use in 2023. 
.
.
.
Which of these are you using currently? 

#ChatGPT #chatsonic #ArtificialIntelligence #openai #GoogleBard #baidu #Microsoft #thursdayvibes #Trending https://t.co/jUAIlDx33a",2023-03-06 07:29:46+00:00
21,"Battle of AI Chat Bots. Lets Explore.

https://t.co/sj4sC654TP

#Ai #chatbots #google #googlebard #chatgpt #technology #searchengineoptimization 
#ÿ≤ŸÖÿßŸÜ_Ÿæÿßÿ±⁄©_Ÿæ€ÅŸÜ⁄ÜŸà
#OPTIMUS
#NFTartists #TIKTOK https://t.co/4861AmbNb7",2023-03-06 03:49:33+00:00
22,"#GoogleBard #ChatGPT will likely draw on #WikipediaWikidata (which @WorldUnivAndSch has been in since 2015) in 300 #WUaSlanguages (&amp; planning 7151 #WUaSLivingLanguages) @SandhiniAgarwal @LiamFedus, @JanLeike, @JohnSchulman2, @vrandezo #DennyVrandecic, #PeterNorvig #GoogleWUaSAI ? https://t.co/Z7h73ZN7lL",2023-03-06 03:06:13+00:00
23,"#GoogleBard #ChatGPT Will likely draw on #WikipediaWikidata (which @WorldUnivAndSch has been in since 2015) in 300 #WUaSlanguages (&amp; planning 7151 living languages), Sandhini Agarwal, #LiamFedus, #JanLeike, #JohnSchulman, @vrandezo DennyVrandecic, #PeterNorvig  #GoogleWUaSAI? https://t.co/PsfB8jWzaE",2023-03-06 02:27:09+00:00
24,"#AIWikiSchools with #ChatGPT #GoogleBard in @WorldUnivAndSch's 7151 #WUaSLivingLanguages
https://t.co/5gPNFnivRL where we're - all 7.9 billion people - teachers of this #AIConversation software in any #WikiSubject https://t.co/lFShW9JROj #WUaSacademic #WUaScreative #WikiSchools ~",2023-03-06 01:43:06+00:00
25,"#AIWikiSchools with #ChatGPT #GoogleBard in @WorldUnivAndSch's 7151 #WUaSLivingLanguages
https://t.co/O0RI3sXJ76 where we're - all 7.9 billion people - teachers of this #AIConversation software in any #WikiSubject https://t.co/jHXl7KZMoh #WUaSacademic #WUaScreative #WikiSchools ~",2023-03-06 01:42:19+00:00
26,"#GoogleBard #ChatGPT Will likely draw on #WikipediaWikidata (which @WorldUnivAndSch has been in since 2015) in 300 #WUaSlanguages (&amp; planning 7151 living languages), Sandhini Agarwal, #LiamFedus, #JanLeike, #JohnSchulman, @vrandezo DennyVrandecic, #PeterNorvig  #GoogleWUaSAI? https://t.co/PsfB8jWzaE",2023-03-06 01:42:08+00:00
27,"#GoogleBard #ChatGPT will likely draw on #WikipediaWikidata (which @WorldUnivAndSch has been in since 2015) in 300 #WUaSlanguages (&amp; planning 7151 #WUaSLivingLanguages) @SandhiniAgarwal @LiamFedus, @JanLeike, @JohnSchulman2, @vrandezo #DennyVrandecic, #PeterNorvig #GoogleWUaSAI ? https://t.co/Z7h73ZN7lL",2023-03-06 01:41:36+00:00
28,"An important next step on our AI journey @google https://t.co/kqSycalcEu #google introduces Bard, experimental conversational AI Service powered by LaMDA #Bard #GoogleBard",2023-03-06 01:27:37+00:00
29,"#GoogleBard #ChatGPT will likely draw on #WikipediaWikidata (which @WorldUnivAndSch has been in since 2015) in 300 #WUaSlanguages (&amp; planning 7151 #WUaSLivingLanguages) @SandhiniAgarwal @LiamFedus, @JanLeike, @JohnSchulman2, @vrandezo #DennyVrandecic, #PeterNorvig #GoogleWUaSAI ? https://t.co/LYZ5ywosSE",2023-03-05 22:46:22+00:00
30,"#GoogleBard #ChatGPT will likely draw on #WikipediaWikidata (which @WorldUnivAndSch has been in since 2015) in 300 #WUaSlanguages (&amp; planning 7151 #WUaSLivingLanguages) @SandhiniAgarwal @LiamFedus, @JanLeike, @JohnSchulman2, @vrandezo #DennyVrandecic, #PeterNorvig #GoogleWUaSAI ? https://t.co/LYZ5ywosSE",2023-03-05 22:45:34+00:00
31,"#GoogleBard #ChatGPT will likely draw on #WikipediaWikidata (which @WorldUnivAndSch has been in since 2015) in 300 #WUaSlanguages (&amp; planning 7151 #WUaSLivingLanguages) @SandhiniAgarwal @LiamFedus, @JanLeike, @JohnSchulman2, @vrandezo #DennyVrandecic, #PeterNorvig #GoogleWUaSAI ? https://t.co/192kWOWYr5",2023-03-05 21:45:40+00:00
32,"#GoogleBard #ChatGPT will likely draw on #WikipediaWikidata (which @WorldUnivAndSch has been in since 2015) in 300 #WUaSlanguages (&amp; planning 7151 #WUaSLivingLanguages) @SandhiniAgarwal @LiamFedus, @JanLeike, @JohnSchulman2, @vrandezo #DennyVrandecic, #PeterNorvig #GoogleWUaSAI ? https://t.co/LYZ5ywosSE",2023-03-05 21:45:34+00:00
33,"#GoogleBard #ChatGPT will likely draw on #WikipediaWikidata (which @WorldUnivAndSch has been in since 2015) in 300 #WUaSlanguages (&amp; planning 7151 #WUaSLivingLanguages) @SandhiniAgarwal @LiamFedus, @JanLeike, @JohnSchulman2, @vrandezo #DennyVrandecic, #PeterNorvig #GoogleWUaSAI ? https://t.co/nzhFThx5jq",2023-03-05 21:45:28+00:00
34,"#AIWikiSchools with #ChatGPT #GoogleBard in @WorldUnivAndSch's 7151 #WUaSLivingLanguages
https://t.co/vPfIrWR2w9 where we're - all 7.9 billion people - teachers of this #AIConversation software in any #WikiSubject https://t.co/dLJc25SiYI #WUaSacademic #WUaScreative #WikiSchools ~",2023-03-05 20:33:19+00:00
35,"#ChatGPT &amp; #GoogleBard are Human Intelligence, not AI at all.

#BigData #Analytics #DataScience #AI #MachineLearning #IoT #IIoT #RStats #TensorFlow #JavaScript #ReactJS #CloudComputing #Serverless #Linux #Programming #Coding #100DaysofCode #NFTs #cryptocurrency #Blockchain #DeFi",2023-03-05 19:06:34+00:00
36,"#GoogleBard #ChatGPT will likely draw on #WikipediaWikidata (which @WorldUnivAndSch has been in since 2015) in 300 #WUaSlanguages (&amp; planning 7151 #WUaSLivingLanguages) @SandhiniAgarwal @LiamFedus, @JanLeike, @JohnSchulman2, @vrandezo #DennyVrandecic, #PeterNorvig #GoogleWUaSAI ? https://t.co/LYZ5ywosSE",2023-03-05 18:29:47+00:00
37,"#GoogleBard #ChatGPT Will likely draw on #WikipediaWikidata (which @WorldUnivAndSch has been in since 2015) in 300 #WUaSlanguages (&amp; planning 7151 living languages), Sandhini Agarwal, #LiamFedus, #JanLeike, #JohnSchulman, @vrandezo DennyVrandecic, #PeterNorvig  #GoogleWUaSAI? https://t.co/PsfB8jWzaE",2023-03-05 18:29:37+00:00
38,"#GoogleBard #ChatGPT will likely draw on #WikipediaWikidata (which @WorldUnivAndSch has been in since 2015) in 300 #WUaSlanguages (&amp; planning 7151 #WUaSLivingLanguages) @SandhiniAgarwal @LiamFedus, @JanLeike, @JohnSchulman2, @vrandezo #DennyVrandecic, #PeterNorvig #GoogleWUaSAI ? https://t.co/Z7h73ZN7lL",2023-03-05 18:26:18+00:00
39,"#GoogleBard #ChatGPT will likely draw on #WikipediaWikidata (which @WorldUnivAndSch has been in since 2015) in 300 #WUaSlanguages (&amp; planning 7151 #WUaSLivingLanguages) @SandhiniAgarwal @LiamFedus, @JanLeike, @JohnSchulman2, @vrandezo #DennyVrandecic, #PeterNorvig #GoogleWUaSAI ? https://t.co/nzhFThx5jq",2023-03-05 18:24:29+00:00
40,"#GoogleBard #ChatGPT will likely draw on #WikipediaWikidata (which @WorldUnivAndSch has been in since 2015) in 300 #WUaSlanguages (&amp; planning 7151 #WUaSLivingLanguages) @SandhiniAgarwal @LiamFedus, @JanLeike, @JohnSchulman2, @vrandezo #DennyVrandecic, #PeterNorvig #GoogleWUaSAI ? https://t.co/192kWOWYr5",2023-03-05 18:20:25+00:00
41,"#GoogleBard #ChatGPT Will likely draw on #WikipediaWikidata (which @WorldUnivAndSch has been in since 2015) in 300 #WUaSlanguages (&amp; planning 7151 living languages), Sandhini Agarwal, #LiamFedus, #JanLeike, #JohnSchulman, @vrandezo DennyVrandecic, #PeterNorvig  #GoogleWUaSAI? https://t.co/PsfB8jWzaE",2023-03-05 18:10:21+00:00
42,"#GoogleBard #ChatGPT Will likely draw on #WikipediaWikidata (which @WorldUnivAndSch has been in since 2015) in 300 #WUaSlanguages (&amp; planning 7151 living languages), Sandhini Agarwal, #LiamFedus, #JanLeike, #JohnSchulman, @vrandezo DennyVrandecic, #PeterNorvig  #GoogleWUaSAI? https://t.co/PsfB8jWzaE",2023-03-05 18:07:44+00:00
43,"#AIWikiSchools with #ChatGPT #GoogleBard in @WorldUnivAndSch's 7151 #WUaSLivingLanguages
https://t.co/O0RI3sXJ76 where we're - all 7.9 billion people - teachers of this #AIConversation software in any #WikiSubject https://t.co/jHXl7KZMoh #WUaSacademic #WUaScreative #WikiSchools ~",2023-03-05 14:51:44+00:00
44,"#AIWikiSchools with #ChatGPT #GoogleBard in @WorldUnivAndSch's 7151 #WUaSLivingLanguages
https://t.co/DT10G2ezHu where we're - all 7.9 billion people - teachers of this #AIConversation software in any #WikiSubject https://t.co/dqvjx1DXs4 #WUaSacademic #WUaScreative #WikiSchools ~",2023-03-05 14:51:37+00:00
45,"Will Google Penalize AI Content??

Do you think #Google penalizes AI-generated content? Share your #opinion in the comment and join the #discussion üî•.

#ChatGPT #GPTChat #AIChat #ArtificialIntelligence #MachineLearning #ConversationalAI #Chatbot #google #googlebard",2023-03-05 14:12:34+00:00
46,"#AIWikiSchools with #ChatGPT #GoogleBard in @WorldUnivAndSch's 7151 #WUaSLivingLanguages
https://t.co/DT10G2ezHu where we're - all 7.9 billion people - teachers of this #AIConversation software in any #WikiSubject https://t.co/dqvjx1DXs4 #WUaSacademic #WUaScreative #WikiSchools ~",2023-03-05 14:02:50+00:00
47,"#AIWikiSchools with #ChatGPT #GoogleBard in @WorldUnivAndSch's 7151 #WUaSLivingLanguages
https://t.co/DT10G2ezHu where we're - all 7.9 billion people - teachers of this #AIConversation software in any #WikiSubject https://t.co/dqvjx1DXs4 #WUaSacademic #WUaScreative #WikiSchools ~",2023-03-05 13:37:25+00:00
48,"#AIWikiSchools with #ChatGPT #GoogleBard in @WorldUnivAndSch's 7151 #WUaSLivingLanguages
https://t.co/DT10G2ezHu where we're - all 7.9 billion people - teachers of this #AIConversation software in any #WikiSubject https://t.co/dqvjx1DXs4 #WUaSacademic #WUaScreative #WikiSchools ~",2023-03-05 12:52:46+00:00
49,"#AIWikiSchools with #ChatGPT #GoogleBard in @WorldUnivAndSch's 7151 #WUaSLivingLanguages
https://t.co/O0RI3sXJ76 where we're - all 7.9 billion people - teachers of this #AIConversation software in any #WikiSubject https://t.co/jHXl7KZMoh #WUaSacademic #WUaScreative #WikiSchools ~",2023-03-05 12:52:15+00:00
50,"#AIWikiSchools with #ChatGPT #GoogleBard in @WorldUnivAndSch's 7151 #WUaSLivingLanguages
https://t.co/5gPNFnivRL where we're - all 7.9 billion people - teachers of this #AIConversation software in any #WikiSubject https://t.co/lFShW9JROj #WUaSacademic #WUaScreative #WikiSchools ~",2023-03-05 12:52:01+00:00
51,"#AIWikiSchools with #ChatGPT #GoogleBard in @WorldUnivAndSch's 7151 #WUaSLivingLanguages
https://t.co/vPfIrWR2w9 where we're - all 7.9 billion people - teachers of this #AIConversation software in any #WikiSubject https://t.co/dLJc25SiYI #WUaSacademic #WUaScreative #WikiSchools ~",2023-03-05 12:51:41+00:00
52,"#AIWikiSchools with #ChatGPT #GoogleBard in @WorldUnivAndSch's 7151 #WUaSLivingLanguages
https://t.co/8HVyW0Vl9G where we're - all 7.9 billion people - teachers of this #AIConversation software in any #WikiSubject https://t.co/iVYHvcgMJS #WUaSacademic #WUaScreative #WikiSchools ~",2023-03-05 12:51:31+00:00
53,"How could #WUaS w #GoogleAI's #ChatGPT #GoogleBard https://t.co/9U0MK43CuW code ""#CSFirst #withGoogle @WorldUnivAndSch"" #CScourse https://t.co/41p8YhQMCR for #Consciousness #SubjectiveExperience ALL  https://t.co/DT10G2ezHu as #LargeLanguageModel to be #Conscious #HumanTeachers?",2023-03-05 12:48:12+00:00
54,"How to use Google Bard - New Google AI Chatbot

#Google #AI #chatbot #GoogleBard #BARD #Tips #trick #shorts #Reels #Viral #tech #news #TrendingNow #trendingvideo #trendingreels #ViralVideo #reelsvideo #reelsviral #reelsoftheday #shortsvideo https://t.co/vKGiwoXXOR",2023-03-05 12:47:01+00:00
55,"#AIWikiSchools with #ChatGPT #GoogleBard in @WorldUnivAndSch's 7151 #WUaSLivingLanguages
https://t.co/8HVyW0Vl9G where we're - all 7.9 billion people - teachers of this #AIConversation software in any #WikiSubject https://t.co/iVYHvcgMJS #WUaSacademic #WUaScreative #WikiSchools ~",2023-03-05 12:44:55+00:00
56,"‚ÄòBard is not Search‚Äô: #JackKrawczyk, product leader for #GoogleBard AI, clarifies

READ here!

https://t.co/3Y1jHEnjLW",2023-03-05 08:53:51+00:00
57,"#ChatGPT &amp; #GoogleBard are Human Intelligence, not AI at all.

#BigData #Analytics #DataScience #AI #MachineLearning #IoT #IIoT #RStats #TensorFlow #JavaScript #ReactJS #CloudComputing #Serverless #Linux #Programming #Coding #100DaysofCode #NFTs #cryptocurrency #Blockchain #DeFi",2023-03-05 04:58:04+00:00
58,"According to a former #Google software engineer tasked with testing the technology behind #GoogleBard, he said that the chatbot has become ""sentient."" 

How could an #AI shows traits of anxiety?

How could it violate its own protocol, and do what it's not https://t.co/WmimWc6Bmj‚Ä¶ https://t.co/JZOMUh084y https://t.co/Yk2jkDjtWk",2023-03-05 04:53:18+00:00
59,"Want to level the playing field against larger competitors? Check out how generative AI solutions like ChatGPT and Google Bard can help small businesses enhance their productivity and efficiency. #AI #ChatGPT #GoogleBard #smallbusiness #competition

https://t.co/SteDDbFTwb",2023-03-05 02:08:00+00:00
60,"Before DEC 2022, Google was my best friend. From Dec 2022, ChatGpt is my best friend.üëØ‚Äç‚ôÇÔ∏è
Will #googlebard be my best friend too along with ChatGpt?‚ùî#googlebardvschatgpt #ai #1sttweet #ai2023",2023-03-05 00:27:16+00:00
61,"Don't let your small business fall behind! Discover how to leverage the power of AI with ChatGPT, Google Bard, and other AI solutions to streamline your workflows and enhance your productivity. #AI #ChatGPT #GoogleBard #smallbusiness #workflow

https://t.co/SteDDbFTwb",2023-03-04 23:00:30+00:00
62,#Google cautions against ‚Äòhallucinating‚Äô chatbots: Report .....Please follow to show support..... https://t.co/3DWhEOLsGu #googlebard #aichatbots #openai #chatgpt #chatbothallucination,2023-03-04 22:24:25+00:00
63,"Discover how to maximize your business productivity with AI solutions like ChatGPT and Google Bard, and seamlessly integrate them with email, cloud CRM, Quickbooks, and more. #AI #ChatGPT #GoogleBard #productivity #integration

https://t.co/SteDDbFTwb",2023-03-04 21:19:00+00:00
64,"Simplify your business processes and enhance efficiency with the power of AI. Learn how to integrate ChatGPT, Google Bard, and other AI solutions with your existing apps and systems. #AI #ChatGPT #GoogleBard #efficiency

https://t.co/SteDDbFTwb",2023-03-04 19:10:00+00:00
65,"Boost productivity with Cloud CRM for Sales, Marketing, Support, Quoting, Invoicing, Contracts, Projects, Inventory and more. Plus, integration with ChatGPT and Google Bard for maximum efficiency. #CloudCRM #Sales #Marketing #Support #ChatGPT #GoogleBard

https://t.co/uVxpPld0j6",2023-03-04 18:30:03+00:00
66,"Google Bard vs ChatGPT. Who do you think will be the leader?
https://t.co/F3Or0gdY7P

#nocode #nocoding #ai #aimovement #chatgpt #gpt3 #googlebard #bard #google #aichat https://t.co/IlIwBrkStk",2023-03-04 15:04:15+00:00
67,"Google Bard vs ChatGPT. Who do you think will be the leader?
https://t.co/F3Or0gdY7P

#nocode #nocoding #ai #aimovement #chatgpt #gpt3 #googlebard #bard #google #aichat https://t.co/IlIwBrkStk",2023-03-04 14:50:07+00:00
68,"New #NFT #Domains :

blowstefan123.nft
0x322820.wallet
s4mur41cr1pt018.wallet
king6789.wallet
woowangkuk123.wallet
jack2092.wallet
wave6610.wallet
onepunhman113.wallet
cryptobeggar10.wallet
wealthtech.nft
winlam118.wallet
googlebard.zil
king1234.wallet",2023-03-04 14:15:41+00:00
69,"New #NFT #Domains :

blowstefan123.nft
0x322820.wallet
s4mur41cr1pt018.wallet
king6789.wallet
woowangkuk123.wallet
jack2092.wallet
wave6610.wallet
onepunhman113.wallet
cryptobeggar10.wallet
wealthtech.nft
winlam118.wallet
googlebard.zil
king1234.wallet",2023-03-04 14:10:08+00:00
70,"Learn about inspiring women this month with Google Assistant. Say ‚Äú#HeyGoogle, tell me about inspiring women‚Äù to learn about trailblazing women, or ‚ÄúHey Google, show me podcasts about Women‚Äôs History Month‚Äù to get a curated list of women-focused podcasts. https://t.co/3feoxoDDbW https://t.co/Fg3rW5TeZL",2023-03-04 13:37:57+00:00
71,"Ready to take your small business to the next level? Check out how generative AI solutions like ChatGPT and Google Bard can enhance your productivity and help you compete with larger enterprises. #AI #ChatGPT #GoogleBard #smallbusiness #productivity

https://t.co/SteDDbFTwb",2023-03-04 12:54:01+00:00
72,"Google Bard AI!

Everything that You Must Know!

#easkme #gauravkumar #googlebard #BARD #AI #artificalintelligence #ArtificialIntelligence 

https://t.co/8GeG8ABxvo",2023-03-04 09:55:44+00:00
73,"ChatGPT vs Bard
#chatgptnews #chatbot #openai #chatgpt #googlebard https://t.co/Mo2yrUPmGi",2023-03-04 09:54:15+00:00
74,"Google Bard or ChatGPT? ü§ñüí¨üíª 
After comparing their results, I'm ready to share my verdict!

 Check out my latest video and join the debate.

https://t.co/P3LqsJkgZz

 #GoogleBard #ChatGPT #AIwriting #comparison #verdict #contentcreation #digitalmarketing #BardAI https://t.co/XWQzSNRzbR",2023-03-04 08:03:52+00:00
75,"Some Amazing Facts About ChatGPT &amp; Google Bard.

#AI #AItools #chatgpt #googlebard #bardgoogle #chatgpttips #chatgptbot #brandingtips #trend #trendingnow #development #webdevelopment #app #businessstrategy https://t.co/W40uPALihJ",2023-03-04 05:20:11+00:00
76,"#GoogleAI's #ChatGPT? #GoogleBard https://t.co/9U0MK43CuW #HumanTeachers can be great over say ""#CSFirst #withGoogle @WorldUnivAndSch"" https://t.co/41p8YhQMCR bec. of #Consciousness #SubjectiveExperience Code #WUaS https://t.co/dqvjx1DXs4 as
#LargeLanguageModel to be #Conscious?",2023-03-04 03:44:48+00:00
77,"#GoogleAI's #ChatGPT? #GoogleBard https://t.co/9U0MK43CuW #HumanTeachers can be great over say ""#CSFirst #withGoogle @WorldUnivAndSch"" https://t.co/41p8YhQMCR bec. of #Consciousness #SubjectiveExperience Code #WUaS https://t.co/dqvjx1DXs4 as
#LargeLanguageModel to be #Conscious?",2023-03-04 03:33:26+00:00
78,"Small businesses can compete with the big guys by leveraging the power of AI. Integrate ChatGPT, Google Bard, and other AI solutions with your existing apps to streamline your workflows. #AI #ChatGPT #GoogleBard #smallbusiness #integration

https://t.co/SteDDbFTwb",2023-03-04 02:08:00+00:00
79,"Tired of manual data entry? Discover how to automate your business processes with ChatGPT, Google Bard, and other AI tools. #AI #ChatGPT #GoogleBard #automation #businessprocesses

https://t.co/SteDDbFTwb https://t.co/kKW8DcRUrv",2023-03-03 23:00:31+00:00
80,"What do you think about the ongoing race between tech giants to acquire the most powerful and reliable artificial intelligence? 

Share your opinion in the comment section below...üëç

#Dymentions #AtrificialIntelligence #GoogleBard #ChatGPT #Microsoft #Bing #AI https://t.co/9gyrxzm9tj",2023-03-03 22:07:07+00:00
81,"Streamline your business operations and enhance your workflow with generative AI solutions like ChatGPT and Google Bard. #AI #ChatGPT #GoogleBard #workflow #automation

https://t.co/SteDDbFTwb https://t.co/vCeBYO4u03",2023-03-03 21:19:01+00:00
82,"New Auction @usesav No Reserve!

https://t.co/PaE68f47xC 

Go #Bid, Go #Win! 

Visit Action and place your Bid https://t.co/gb66R7iiEg 
#Domains #DomainAuction #LLaMA #ChatGPT #OpenAI #GoogleBard #PhygitalRetail #Immersive #Phygital https://t.co/sIb6XCtST5",2023-03-03 20:09:14+00:00
83,"New Auction @usesav No Reserve!

https://t.co/PaE68f47xC 

Go #Bid, Go #Win! 

Visit Action and place your Bid https://t.co/gb66R7iiEg 
#Domains #DomainAuction #LLaMA #ChatGPT #OpenAI #GoogleBard #PhygitalRetail #Immersive #Phygital https://t.co/sIb6XCtST5",2023-03-03 20:02:29+00:00
84,"New Auction @usesav No Reserve!

https://t.co/PaE68f47xC 

Go #Bid, Go #Win! 

Visit Action and place your Bid https://t.co/gb66R7iiEg 
#Domains #DomainAuction #LLaMA #ChatGPT #OpenAI #GoogleBard #PhygitalRetail #Immersive #Phygital https://t.co/sIb6XCtST5",2023-03-03 19:56:48+00:00
85,"New Auction @usesav No Reserve!

https://t.co/PaE68f47xC 

Go #Bid, Go #Win! 

Visit Action and place your Bid https://t.co/gb66R7iiEg 
#Domains #DomainAuction #LLaMA #ChatGPT #OpenAI #GoogleBard #PhygitalRetail #Immersive #Phygital https://t.co/sIb6XCtST5",2023-03-03 19:56:38+00:00
86,"Want to boost your business productivity with AI solutions? Learn how to integrate ChatGPT and Google Bard with email, cloud CRM, Quickbooks, and more! #AI #ChatGPT #GoogleBard #productivity",2023-03-03 19:10:20+00:00
87,"Want to boost your business productivity with AI solutions? Learn how to integrate ChatGPT and Google Bard with email, cloud CRM, Quickbooks, and more! #AI #ChatGPT #GoogleBard #productivity",2023-03-03 19:10:06+00:00
88,"Want to boost your business productivity with AI solutions? Learn how to integrate ChatGPT and Google Bard with email, cloud CRM, Quickbooks, and more! #AI #ChatGPT #GoogleBard #productivity",2023-03-03 19:10:00+00:00
89,"Check out our latest video on Google Bard's first demo! üëáüëá

https://t.co/eZCQUWbpmv

Learn about its real-time capabilities, accurate weather updates, and how it compares to ChatGPT. Watch now to discover the power of AI-generated text. 

#GoogleBard #BardAI #ChatGPT #Bard https://t.co/tXMQGqgsrX",2023-03-03 18:01:49+00:00
90,"@GoogleBard_AI Stop teasing and sign me up!

@GoogleBard_AI",2023-03-03 16:09:43+00:00
91,"#ArtificialIntelligence (AI), like #ChatGPT and #GoogleBard have been taking the world by storm recently.

What are your thoughts on #AI? https://t.co/XTSYd8aNyz",2023-03-03 16:00:29+00:00
92,"New Auction @usesav No Reserve!

https://t.co/pNjkyH9w59 

Go #Bid, Go #Win! 

Visit Action an place your Bid https://t.co/AYPPV9q4Bu 
#Domains #DomainAuction #LLaMA #ChatGPT #OpenAI #GoogleBard https://t.co/daqLGU2Udl",2023-03-03 14:03:27+00:00
93,"New Auction @usesav No Reserve!

https://t.co/pNjkyH9w59 

Go #Bid, Go #Win! 

Visit Action an place your Bid https://t.co/AYPPV9q4Bu 
#Domains #DomainAuction #LLaMA #ChatGPT #OpenAI #GoogleBard https://t.co/daqLGU2Udl",2023-03-03 13:59:02+00:00
94,"New Auction @usesav No Reserve!

https://t.co/pNjkyH9w59 

Go #Bid, Go #Win! 

Visit Action an place your Bid https://t.co/AYPPV9q4Bu 
#Domains #DomainAuction #LLaMA #ChatGPT #OpenAI #GoogleBard https://t.co/daqLGU2Udl",2023-03-03 13:58:58+00:00
95,"New Auction @usesav No Reserve!

https://t.co/u2o2kWAhwj 

Go #Bid, Go #Win! 

Visit Action an place your Bid https://t.co/v6S5vNGUT8 
#Domains #DomainAuction #LLaMA #ChatGPT #OpenAI #GoogleBard https://t.co/zylqpoB7hz",2023-03-03 13:02:29+00:00
96,"New Auction @usesav No Reserve!

https://t.co/u2o2kWAhwj 

Go #Bid, Go #Win! 

Visit Action an place your Bid https://t.co/v6S5vNGUT8 
#Domains #DomainAuction #LLaMA #ChatGPT #OpenAI #GoogleBard https://t.co/zylqpoB7hz",2023-03-03 13:00:05+00:00
97,"New Auction @usesav No Reserve!

https://t.co/u2o2kWAhwj 

Go #Bid, Go #Win! 

Visit Action an place your Bid https://t.co/v6S5vNGUT8 
#Domains #DomainAuction #LLaMA #ChatGPT #OpenAI #GoogleBard https://t.co/zylqpoB7hz",2023-03-03 12:56:06+00:00
98,"The @FTC has published a warning shot to orgs and individuals hyping or misleading users and others about their shiny new AI systems. Much needed, as both are endemic. To what extent will it follow up on its words?

https://t.co/DnwD2g9zC0

#AI #Automation #chatgpt #googlebard",2023-03-03 09:48:16+00:00
99,"#GoogleBard AI is nothing but similar to #ChatGPT. This works on the chat board model and will be very much usable in artificial intelligence on the Internet.

This will may be launched in March 2023. üòä

#google #business #marketing #digitalmarketing https://t.co/JZkKwN60ow",2023-03-03 04:55:03+00:00
100,"Do you know the difference between two?

#chatgpt #chatbots #google #googlebard #chatgptai #lamda #openai #ai #artificial #artificialintelligence https://t.co/c3LBiXo3jP",2023-03-03 01:38:37+00:00
101,"5/5 Health professionals and researchers would not limit themselves to simply using this tool to establish diagnosis or medical reasearch. 

#galeon #googlebard #bard #chatgpt #generativeAI #AI #web3 #blockchain #IA #google #openAi",2023-03-02 23:29:35+00:00
102,"üö® New vid alert! üö® My latest #YouTube video is all about #GoogleBard and whether or not Google should be worried about #ChatGPT.

Watch Now: https://t.co/19tj9RWEu6 https://t.co/aACQX9R0wn",2023-03-02 18:20:38+00:00
103,"Can't wait to see wht @elonmusk ve got in his bucket of tools with twitter , hope  it will going to be an amazing battle with  these TechGiants getting involved in this domain like üòéü§ñüî•üî•
@MetaAI @GoogleBard_AI @Twitter @Microsoft
 
@VarunMayya #ChatGPT 
https://t.co/F9HPmUAIQ6",2023-03-02 15:03:49+00:00
104,"Chat Gpt vs Bard: Which One Do You Think is Better?

 #chatgpt #vs #GoogleBard #DelimpTechnology https://t.co/aSUR5ypFOt",2023-03-02 13:00:02+00:00
105,I‚Äôve built a *very* shiny button ü´≥ü™© https://t.co/2GBqQE8N6i,2023-03-02 11:57:19+00:00
106,"Google's Bard AI is trained using website content, but little is known about how it was collected and whose content was used https://t.co/BFYLs0kjhU
#ai #googlebard #googleai #bard #bardai #seo #searchengineoptimisation",2023-03-02 08:00:15+00:00
107,"Who will reign supreme? üëë

It's time to find out which Artificial Intelligence-powered chatbot is best for your needs - #ChatGPT or #GoogleBard? ü§î

https://t.co/V8vNWvtn0v",2023-03-02 06:58:51+00:00
108,"5/5 Health professionals and researchers would not limit themselves to simply using this tool to establish diagnosis or medical reasearch. 

#galeon #googlebard #bard #chatgpt #generativeAI #AI #web3 #blockchain #IA #google #openAi",2023-03-02 06:48:20+00:00
109,"Ai race is changing the way we live and work. Embrace the change and be inspired by the endless possibilities.üåç

#AiRevolution #chatgpt #googlebard #bingchat 
@bing
 @Neeva
 @GoogleAI
 @YouSearchEngine
 @NotionHQ
 @OpenAI
 @elonmusk",2023-03-02 06:37:34+00:00
110,Is this Elon Musk's ID? https://t.co/fNg1WwxaZc,2023-03-02 04:57:32+00:00
111,"@bing AI is finally here. It was fun asking to you about @GoogleBard_AI .
Time to see, if can again rely on Bing for my day to day searches. https://t.co/bWD6w0UxUV",2023-03-02 04:04:25+00:00
112,"‚ö°ùêÇùê°ùêöùê≠ùê†ùê©ùê≠ ùêØùê¨ ùêÅùêöùê´ùêù‚ö°
ùêÖùê®ùê´ ùê´ùêûùê†ùêÆùê•ùêöùê´ ùêÆùê©ùêùùêöùê≠ùêûùê¨ ùêüùê®ùê•ùê•ùê®ùê∞ ùê®ùêÆùê´ ùê©ùêöùê†ùêû!

#itzmonikachouhan #BA #businessanalyst #businessanalystuk #businessanalystcourse #BusinessAnalystTraining #BusinessAnalystTrainer #chatgpt #chatgpt3 #GoogleBard #AI https://t.co/oPbbV4xJ9x",2023-03-02 04:00:01+00:00
113,Check out Test's video! #TikTok https://t.co/9bQV4l0goZ,2023-03-02 03:11:33+00:00
114,"5/5 Health professionals and researchers would not limit themselves to simply using this tool to establish diagnosis or medical reasearch. 

#galeon #googlebard #bard #chatgpt #generativeAI #AI #web3 #blockchain #IA #google #openAi",2023-03-01 21:10:59+00:00
115,"The @FTC has published a warning shot to orgs and individuals hyping or misleading users and others about their shiny new AI systems. Much needed, as both are endemic. To what extent will it follow up on its words?

https://t.co/DnwD2g9zC0

#AI #Automation #chatgpt #googlebard",2023-03-01 20:43:10+00:00
116,"When will we see first round table discussions where all participants are language or multi-modal models like #ChatGPT, #GoogleBard, #Llama and #Kosmos1",2023-03-01 19:18:38+00:00
117,"The @FTC has published a warning shot to orgs and individuals hyping or misleading users and others about their shiny new AI systems. Much needed, as both are endemic. To what extent will it follow up on its words?

https://t.co/DnwD2g9zC0

#AI #Automation #chatgpt #googlebard",2023-03-01 18:06:11+00:00
118,"5/5 Health professionals and researchers would not limit themselves to simply using this tool to establish diagnosis or medical reasearch. 

#galeon #googlebard #bard #chatgpt #generativeAI #AI #web3 #blockchain #IA #google #openAi",2023-03-01 16:38:46+00:00
119,"I just posted ""AI in security | Read the full article: https://t.co/n0JnbAwQap #aimunch #artificialintelligence #openai #chatgpt #googlebard #strongai #WeakAI"" on Reddit

https://t.co/4STdchH85q",2023-03-01 14:54:32+00:00
120,"Just added https://t.co/lVkjr4A0BN üëÄ
#Domains 
#AI #VR 
#Metaverse 
#OpenAI 
#ChatGPT 
#GoogleBard
#ErnieBot https://t.co/Ub1AiUjP8p",2023-03-01 14:08:03+00:00
121,"Google Launch BARD AI vs ChatGPT ,Blogging Future at Risk ?

https://t.co/PSC8FSwh9W

#seonews #googlebard #chatgpt",2023-03-01 13:59:42+00:00
122,"I just posted ""Dangers of AI | Read the full article here: https://t.co/2xmwambF82 #aimunch #artificialintelligence #openai #chatgpt #googlebard #strongai #WeakAI #AI"" on Reddit

https://t.co/YEhHYT0A5k",2023-03-01 13:20:15+00:00
123,"5/5 Health professionals and researchers would not limit themselves to simply using this tool to establish diagnosis or medical reasearch. 

#galeon #googlebard #bard #chatgpt #generativeAI #AI #web3 #blockchain #IA #google #openAi",2023-03-01 12:36:11+00:00
124,"#GoogleBard vs. #ChatGPT

But, which is better?

In 2023, Google Bard and ChatGPT are two of the most well-known chatbots that use #ArtificialIntelligence (AI).
#chatgptplus
.
.
üßµ",2023-03-01 11:32:27+00:00
125,"5/5 Health professionals and researchers would not limit themselves to simply using this tool to establish diagnosis or medical reasearch. 

#galeon #googlebard #bard #chatgpt #generativeAI #AI #web3 #blockchain #IA #google #openAi",2023-03-01 11:00:56+00:00
126,"Here the new Substack Newsletter by Giorgio Taverniti in English. He shares his thoughtful analysis on Google's perspectives. #openai #ChatGPT #google #googlebard #BardAI 

Bard is not ChatGPT: let me tell you why Google has no competitors, by @giorgiotave https://t.co/QMAzdPRsDm",2023-03-01 09:53:03+00:00
127,"#TechWithMC | Ex-Google engineer, Blake Lemoine, who claimed the company's artificial intelligence (AI) LaMDA had become sentient has doubled down on his claim.

Read what he saidüîΩ
https://t.co/ZhEjsnCn74

#Google #Bing #ArtificialIntelligence #AI #LaMDA #GoogleBard",2023-03-01 09:51:49+00:00
128,"Here the new Substack Newsletter by Giorgio Taverniti in English. He shares his thoughtful analysis on Google's perspectives. #openai #ChatGPT #google #googlebard #BardAI 

Bard is not ChatGPT: let me tell you why Google has no competitors, by @giorgiotave https://t.co/QMAzdPRsDm",2023-03-01 08:08:22+00:00
129,"@Windows 11 update adds #ChatGPT-powered @Bing  #ai to the taskbar. Your move @madebygoogle...

#BardVsBing #GoogleBard #BingAI 

https://t.co/OGDzY6X8zL",2023-03-01 07:04:41+00:00
130,"Do you think #ChatGPT should be credited as a co-author? #EatSleepBreathTechn0l0gy thinks so... 

#Alexa #GoogleBard #BingSeach

https://t.co/cibD3mD0UW",2023-03-01 01:26:53+00:00
131,"NOW - FBI Director Wray:  ""Origins of the pandemic are most likely a potential lab incident in Wuhan.""

https://t.co/ql5NmrXPZe",2023-03-01 01:16:57+00:00
132,is he still for sale? https://t.co/AxsYCkvfGG,2023-03-01 00:20:15+00:00
133,Check out Test's video! #TikTok https://t.co/ICilyQjOWC $GOOGL,2023-02-28 23:55:14+00:00
134,"üö®Today's KEY READ!  ""I worked on Google's AI. My fears are coming true"" by Blake Lemoine. https://t.co/TjR6Eu9ECP @cajundiscordian #AI #ChatGPT #GoogleBard #google",2023-02-28 20:07:41+00:00
135,"üö®Today's KEY READ!  ""I worked on Google's AI. My fears are coming true"" by Blake Lemoine. https://t.co/TjR6Eu9ECP @cajundiscordian #AI #ChatGPT #GoogleBard #google",2023-02-28 19:47:11+00:00
136,"üö®Today's KEY READ!  ""I worked on Google's AI. My fears are coming true"" by Blake Lemoine. https://t.co/TjR6Eu9ECP @cajundiscordian #AI #ChatGPT #GoogleBard #google",2023-02-28 19:31:41+00:00
137,"Just added https://t.co/lVkjr4A0BN üëÄ
#Domains 
#AI #VR 
#Metaverse 
#OpenAI 
#ChatGPT 
#GoogleBard
#ErnieBot https://t.co/Ub1AiUjP8p",2023-02-28 18:43:37+00:00
138,"Just added https://t.co/lVkjr4A0BN üëÄ
#Domains 
#AI #VR 
#Metaverse 
#OpenAI 
#ChatGPT 
#GoogleBard
#ErnieBot https://t.co/Ub1AiUjP8p",2023-02-28 18:42:56+00:00
139,"Just added https://t.co/lVkjr4A0BN üëÄ
#Domains 
#AI #VR 
#Metaverse 
#OpenAI 
#ChatGPT 
#GoogleBard
#ErnieBot https://t.co/Ub1AiUjP8p",2023-02-28 18:34:16+00:00
140,"üö®Today's KEY READ!  ""I worked on Google's AI. My fears are coming true"" by Blake Lemoine. https://t.co/TjR6Eu9ECP @cajundiscordian #AI #ChatGPT #GoogleBard #google",2023-02-28 17:53:50+00:00
141,"üö®Today's KEY READ!  ""I worked on Google's AI. My fears are coming true"" by Blake Lemoine. https://t.co/TjR6Eu9ECP @cajundiscordian #AI #ChatGPT #GoogleBard #google",2023-02-28 17:52:55+00:00
142,"Get ready to experience the next level of chatbot technology with Google BARD vs ChatGPT! This revolutionary competition is taking chatbot accuracy to a whole new level.

Watch Here: https://t.co/eOwYWhMHck

#google #LAMDA #GoogleBard #openai #chatgpt  #distinguished",2023-02-28 16:41:21+00:00
143,"FIRST IMAGES OF GOOGLE BARD Ai 

https://t.co/wl1FElQh97?",2023-02-28 16:37:10+00:00
144,"On the latest episode of DAO Talks, @dongossen, from @Nevermined_io, joins @tim_delhaes to discuss ChatGPT, Google Bard and the battle for data. Listen here: 

Apple: https://t.co/beUNEULPvS
Spotify: https://t.co/By6I8eAcw7

https://t.co/Ju2uer9iMr

#ChatGPT #GoogleBard #OpenAI https://t.co/jKSvQ6Wcvi",2023-02-28 07:31:31+00:00
145,"On the latest episode of DAO Talks, @dongossen, from @Nevermined_io, joins @tim_delhaes to discuss ChatGPT, Google Bard and the battle for data. Listen here: 

Apple: https://t.co/beUNEULPvS
Spotify: https://t.co/By6I8eAcw7

https://t.co/Ju2uer9iMr

#ChatGPT #GoogleBard #OpenAI https://t.co/jKSvQ6Wcvi",2023-02-28 07:01:01+00:00
146,"#GoogleAI's #ChatGPT? #GoogleBard https://t.co/9U0MK43CuW #HumanTeachers can be great over say ""#CSFirst #withGoogle @WorldUnivAndSch"" https://t.co/41p8YhQMCR bec. of #Consciousness #SubjectiveExperience Code #WUaS https://t.co/dqvjx1DXs4 as
#LargeLanguageModel to be #Conscious?",2023-02-28 03:51:57+00:00
147,Future is not Virtual Reality (@Meta) or crypto (@coinbase). Future is AI. #ChatGPT #AI #GenerativeAI #ArtificialIntelligence #GoogleBard,2023-02-27 22:34:48+00:00
148,"@bing has changed the landscape with @bingchatgpt. Many people say website are dead due to this change. I say websites just need to learn how the algorithm works, same thing @YouTubeCreators are used to. We might however soon be binging instead of googling if @GoogleBard_AI fails",2023-02-27 19:15:45+00:00
149,"BARD AI is a natural language processing model developed by Microsoft Research. It is based on the transformer-based model, which is a self-supervised learning algorithm for understanding. 
https://t.co/upzeBTumax #chatbots #googlebard #artificialintelligence #technology #future",2023-02-27 16:18:13+00:00
150,"BARD AI is a natural language processing model developed by Microsoft Research. It is based on the transformer-based model, which is a self-supervised learning algorithm for understanding. 
https://t.co/upzeBTumax #chatbots #googlebard #artificialintelligence #technology #future",2023-02-27 13:44:51+00:00
151,"Can Google Bard compete with ChatGPT, the popular AI platform? Who will come out on top? üëÄ‚ú®

Let the AI showdown begin! üé¨

Keep following us to learn more about all the news and updates! üîúüëáüèª
https://t.co/N8nWLDUrvg 

 #AI #competition #GoogleBard #ChatGPT https://t.co/izi2qwPbji",2023-02-27 13:40:02+00:00
152,"BARD AI is a natural language processing model developed by Microsoft Research. It is based on the transformer-based model, which is a self-supervised learning algorithm for understanding. 
https://t.co/upzeBTumax #chatbots #googlebard #artificialintelligence #technology #future",2023-02-27 13:34:03+00:00
153,"BARD AI is a natural language processing model developed by Microsoft Research. It is based on the transformer-based model, which is a self-supervised learning algorithm for understanding. 
https://t.co/upzeBTumax #chatbots #googlebard #artificialintelligence #technology #future",2023-02-27 12:17:10+00:00
154,"BARD AI is a natural language processing model developed by Microsoft Research. It is based on the transformer-based model, which is a self-supervised learning algorithm for understanding. 
https://t.co/upzeBTumax #chatbots #googlebard #artificialintelligence #technology #future",2023-02-27 11:18:15+00:00
155,"BARD AI is a natural language processing model developed by Microsoft Research. It is based on the transformer-based model, which is a self-supervised learning algorithm for understanding. 
https://t.co/upzeBTumax #chatbots #googlebard #artificialintelligence #technology #future",2023-02-27 09:58:51+00:00
156,"BARD AI is a natural language processing model developed by Microsoft Research. It is based on the transformer-based model, which is a self-supervised learning algorithm for understanding. 
https://t.co/upzeBTumax #chatbots #googlebard #artificialintelligence #technology #future",2023-02-27 08:25:19+00:00
157,"BARD AI is a natural language processing model developed by Microsoft Research. It is based on the transformer-based model, which is a self-supervised learning algorithm for understanding. 
https://t.co/upzeBTumax #chatbots #googlebard #artificialintelligence #technology #future",2023-02-27 08:15:11+00:00
158,"üö® Attention all NLP enthusiasts! ü§ñ The Battle of the Language Models is on! üî• 

Who will come out on top? ü§î ChatGPT or Google BARD? ü§ñ Share your thoughts in the comments below! üí≠

#ChatGPT #GoogleBard https://t.co/tp37T5nWzn",2023-02-27 07:35:46+00:00
159,"BARD AI is a natural language processing model developed by Microsoft Research. It is based on the transformer-based model, which is a self-supervised learning algorithm for understanding. 
https://t.co/upzeBTumax #chatbots #googlebard #artificialintelligence #technology #future",2023-02-27 07:34:30+00:00
160,"BARD AI is a natural language processing model developed by Microsoft Research. It is based on the transformer-based model, which is a self-supervised learning algorithm for understanding. 
https://t.co/upzeBTumax #chatbots #googlebard #artificialintelligence #technology #future",2023-02-27 06:49:36+00:00
161,Battle of the Voice Assistants: Google Assistant vs Alexa vs Siri https://t.co/qmycsHcEWe via @AiMunch #aimunch #voiceassistant #OpenAI  #googlebard #ArtificialIntelligence  #AI #Alexa  #Siri,2023-02-27 06:37:16+00:00
162,"BARD AI is a natural language processing model developed by Microsoft Research. It is based on the transformer-based model, which is a self-supervised learning algorithm for understanding. 
https://t.co/upzeBTumax #chatbots #googlebard #artificialintelligence #technology #future",2023-02-27 06:34:00+00:00
163,"BARD AI is a natural language processing model developed by Microsoft Research. It is based on the transformer-based model, which is a self-supervised learning algorithm for understanding. 
https://t.co/upzeBTumax #chatbots #googlebard #artificialintelligence #technology #future",2023-02-27 06:21:33+00:00
164,"BARD AI is a natural language processing model developed by Microsoft Research. It is based on the transformer-based model, which is a self-supervised learning algorithm for understanding. 
https://t.co/upzeBTumax #chatbots #googlebard #artificialintelligence #technology #future",2023-02-27 04:54:33+00:00
165,"BARD AI is a natural language processing model developed by Microsoft Research. It is based on the transformer-based model, which is a self-supervised learning algorithm for understanding. 
https://t.co/upzeBTumax #chatbots #googlebard #artificialintelligence #technology #future",2023-02-27 04:50:39+00:00
166,"BARD AI is a natural language processing model developed by Microsoft Research. It is based on the transformer-based model, which is a self-supervised learning algorithm for understanding. 
https://t.co/upzeBTumax #chatbots #googlebard #artificialintelligence #technology #future",2023-02-27 04:30:08+00:00
167,"BARD AI is a natural language processing model developed by Microsoft Research. It is based on the transformer-based model, which is a self-supervised learning algorithm for understanding. 
https://t.co/upzeBTumax #chatbots #googlebard #artificialintelligence #technology #future",2023-02-27 04:20:40+00:00
168,"I just posted ""How You Can Join The Bard Beta Program And Become A Google Beta Tester"" on Reddit

https://t.co/130YhiFh7o",2023-02-27 03:57:47+00:00
169,"How could #WUaS w
#GoogleAI's #ChatGPT #GoogleBard https://t.co/9U0MK43CuW code ""#CSFirst #withGoogle @WorldUnivAndSch"" #CScourse https://t.co/41p8YhQMCR for #Consciousness #SubjectiveExperience  https://t.co/lskcvwjPfp as #LargeLanguageModel to be #Conscious like #HumanTeachers?",2023-02-27 03:42:21+00:00
170,"How could #WUaS w
#GoogleAI's #ChatGPT #GoogleBard https://t.co/9U0MK43CuW code ""#CSFirst #withGoogle @WorldUnivAndSch"" #CScourse https://t.co/41p8YhQMCR for #Consciousness #SubjectiveExperience  https://t.co/lskcvwjPfp as #LargeLanguageModel to be #Conscious like #HumanTeachers?",2023-02-27 03:33:08+00:00
171,"How could #WUaS w #GoogleAI's #ChatGPT #GoogleBard https://t.co/9U0MK43CuW code ""#CSFirst #withGoogle @WorldUnivAndSch"" #CScourse https://t.co/41p8YhQMCR for #Consciousness #SubjectiveExperience ALL  https://t.co/DT10G2ezHu as #LargeLanguageModel to be #Conscious #HumanTeachers?",2023-02-27 03:31:55+00:00
172,"As #Conscious #HumanTeachers?
How could #WUaS w #GoogleAI's #ChatGPT #GoogleBard https://t.co/0e2G6BbJDB code ""#CSFirst #withGoogle @WorldUnivAndSch"" #CScourse https://t.co/zF1CrXuEJS for #Consciousness #SubjectiveExperience in ALL  https://t.co/vPfIrWR2w9 as #LargeLanguageModel?",2023-02-27 03:31:08+00:00
173,"BARD AI is a natural language processing model developed by Microsoft Research. It is based on the transformer-based model, which is a self-supervised learning algorithm for understanding. 
https://t.co/upzeBTumax #chatbots #googlebard #artificialintelligence #technology #future",2023-02-27 03:04:58+00:00
174,"BARD AI is a natural language processing model developed by Microsoft Research. It is based on the transformer-based model, which is a self-supervised learning algorithm for understanding. 
https://t.co/upzeBTumax #chatbots #googlebard #artificialintelligence #technology #future",2023-02-27 02:56:05+00:00
175,"BARD AI is a natural language processing model developed by Microsoft Research. It is based on the transformer-based model, which is a self-supervised learning algorithm for understanding. 
https://t.co/upzeBTumax #chatbots #googlebard #artificialintelligence #technology #future",2023-02-27 02:45:34+00:00
176,"BARD AI is a natural language processing model developed by Microsoft Research. It is based on the transformer-based model, which is a self-supervised learning algorithm for understanding. 
https://t.co/upzeBTumax #chatbots #googlebard #artificialintelligence #technology #future",2023-02-27 02:33:31+00:00
177,"BARD AI is a natural language processing model developed by Microsoft Research. It is based on the transformer-based model, which is a self-supervised learning algorithm for understanding. 
https://t.co/upzeBTumax #chatbots #googlebard #artificialintelligence #technology #future",2023-02-27 02:20:21+00:00
178,"BARD AI is a natural language processing model developed by Microsoft Research. It is based on the transformer-based model, which is a self-supervised learning algorithm for understanding. 
https://t.co/upzeBTumax #chatbots #googlebard #artificialintelligence #technology #future",2023-02-27 02:19:19+00:00
179,"BARD AI is a natural language processing model developed by Microsoft Research. It is based on the transformer-based model, which is a self-supervised learning algorithm for understanding. 
https://t.co/upzeBTumax #chatbots #googlebard #artificialintelligence #technology #future",2023-02-27 02:17:28+00:00
180,"BARD AI is a natural language processing model developed by Microsoft Research. It is based on the transformer-based model, which is a self-supervised learning algorithm for understanding. 
https://t.co/upzeBTumax #chatbots #googlebard #artificialintelligence #technology #future",2023-02-27 02:12:51+00:00
181,"BARD AI is a natural language processing model developed by Microsoft Research. It is based on the transformer-based model, which is a self-supervised learning algorithm for understanding. 
https://t.co/upzeBTumax #chatbots #googlebard #artificialintelligence #technology #future",2023-02-27 02:11:48+00:00
182,"BARD AI is a natural language processing model developed by Microsoft Research. It is based on the transformer-based model, which is a self-supervised learning algorithm for understanding. 
https://t.co/upzeBTumax #chatbots #googlebard #artificialintelligence #technology #future",2023-02-27 02:02:11+00:00
183,"BARD AI is a natural language processing model developed by Microsoft Research. It is based on the transformer-based model, which is a self-supervised learning algorithm for understanding. 
https://t.co/upzeBTumax #chatbots #googlebard #artificialintelligence #technology #future",2023-02-27 01:31:35+00:00
184,"BARD AI is a natural language processing model developed by Microsoft Research. It is based on the transformer-based model, which is a self-supervised learning algorithm for understanding. 
https://t.co/upzeBTumax #chatbots #googlebard #artificialintelligence #technology #future",2023-02-27 01:23:34+00:00
185,"BARD AI is a natural language processing model developed by Microsoft Research. It is based on the transformer-based model, which is a self-supervised learning algorithm for understanding. 
https://t.co/upzeBTumax #chatbots #googlebard #artificialintelligence #technology #future",2023-02-27 01:16:39+00:00
186,"BARD AI is a natural language processing model developed by Microsoft Research. It is based on the transformer-based model, which is a self-supervised learning algorithm for understanding. 
https://t.co/upzeBTumax #chatbots #googlebard #artificialintelligence #technology #future",2023-02-27 00:45:35+00:00
187,"BARD AI is a natural language processing model developed by Microsoft Research. It is based on the transformer-based model, which is a self-supervised learning algorithm for understanding. 
https://t.co/upzeBTumax #chatbots #googlebard #artificialintelligence #technology #future",2023-02-26 23:58:34+00:00
188,"BARD AI is a natural language processing model developed by Microsoft Research. It is based on the transformer-based model, which is a self-supervised learning algorithm for understanding. 
https://t.co/upzeBTumax #chatbots #googlebard #artificialintelligence #technology #future",2023-02-26 23:46:05+00:00
189,"BARD AI is a natural language processing model developed by Microsoft Research. It is based on the transformer-based model, which is a self-supervised learning algorithm for understanding. 
https://t.co/upzeBTumax #chatbots #googlebard #artificialintelligence #technology #future",2023-02-26 23:25:31+00:00
190,"BARD AI is a natural language processing model developed by Microsoft Research. It is based on the transformer-based model, which is a self-supervised learning algorithm for understanding. 
https://t.co/upzeBTumax #chatbots #googlebard #artificialintelligence #technology #future",2023-02-26 23:17:09+00:00
191,"BARD AI is a natural language processing model developed by Microsoft Research. It is based on the transformer-based model, which is a self-supervised learning algorithm for understanding. 
https://t.co/upzeBTumax #chatbots #googlebard #artificialintelligence #technology #future",2023-02-26 22:43:28+00:00
192,"BARD AI is a natural language processing model developed by Microsoft Research. It is based on the transformer-based model, which is a self-supervised learning algorithm for understanding. 
https://t.co/upzeBTumax #chatbots #googlebard #artificialintelligence #technology #future",2023-02-26 22:26:51+00:00
193,"BARD AI is a natural language processing model developed by Microsoft Research. It is based on the transformer-based model, which is a self-supervised learning algorithm for understanding. 
https://t.co/upzeBTumax #chatbots #googlebard #artificialintelligence #technology #future",2023-02-26 22:22:45+00:00
194,"Google Bard is coming in a few months/weeks. Just secured my .com positions and acquired:

 - googlebard(.)solutions
 - googlebard(.)digital
 - bardabc(.)com

Good move or degen?

#Bard #Domains #DomainName 
#DomainsForSale #DomainForSale #BardAI 
#AI #Google #web3 #domainsales https://t.co/4GNeEiMO2J",2023-02-26 21:36:27+00:00
195,"BARD AI is a natural language processing model developed by Microsoft Research. It is based on the transformer-based model, which is a self-supervised learning algorithm for understanding. 
https://t.co/upzeBTumax #chatbots #googlebard #artificialintelligence #technology #future",2023-02-26 21:27:49+00:00
196,"BARD AI is a natural language processing model developed by Microsoft Research. It is based on the transformer-based model, which is a self-supervised learning algorithm for understanding. 
https://t.co/upzeBTumax #chatbots #googlebard #artificialintelligence #technology #future",2023-02-26 21:21:49+00:00
197,"BARD AI is a natural language processing model developed by Microsoft Research. It is based on the transformer-based model, which is a self-supervised learning algorithm for understanding. 
https://t.co/upzeBTumax #chatbots #googlebard #artificialintelligence #technology #future",2023-02-26 21:18:09+00:00
198,"BARD AI is a natural language processing model developed by Microsoft Research. It is based on the transformer-based model, which is a self-supervised learning algorithm for understanding. 
https://t.co/upzeBTumax #chatbots #googlebard #artificialintelligence #technology #future",2023-02-26 20:56:18+00:00
199,"BARD AI is a natural language processing model developed by Microsoft Research. It is based on the transformer-based model, which is a self-supervised learning algorithm for understanding. 
https://t.co/upzeBTumax #chatbots #googlebard #artificialintelligence #technology #future",2023-02-26 20:18:17+00:00
200,"BARD AI is a natural language processing model developed by Microsoft Research. It is based on the transformer-based model, which is a self-supervised learning algorithm for understanding. 
https://t.co/upzeBTumax #chatbots #googlebard #artificialintelligence #technology #future",2023-02-26 19:17:49+00:00
201,"BARD AI is a natural language processing model developed by Microsoft Research. It is based on the transformer-based model, which is a self-supervised learning algorithm for understanding. 
https://t.co/upzeBTumax #chatbots #googlebard #artificialintelligence #technology #future",2023-02-26 19:09:23+00:00
202,"Microsoft Bing ‚ÄòPrometheus‚Äô ‚Äì A First of Its Kind A.I. Model

#microsoft #microsoftbing #chatgpt #googlebard https://t.co/pE8h1iqj2Y",2023-02-26 18:50:17+00:00
203,"BARD AI is a natural language processing model developed by Microsoft Research. It is based on the transformer-based model, which is a self-supervised learning algorithm for understanding. 
https://t.co/upzeBTumax #chatbots #googlebard #artificialintelligence #technology #future",2023-02-26 18:42:45+00:00
204,"üö® Attention all NLP enthusiasts! ü§ñ The Battle of the Language Models is on! üî• 

Who will come out on top? ü§î ChatGPT or Google BARD? ü§ñ Share your thoughts in the comments below! üí≠

#ChatGPT #GoogleBard https://t.co/tp37T5nWzn",2023-02-26 18:32:25+00:00
205,"BARD AI is a natural language processing model developed by Microsoft Research. It is based on the transformer-based model, which is a self-supervised learning algorithm for understanding. 
https://t.co/upzeBTumax #chatbots #googlebard #artificialintelligence #technology #future",2023-02-26 18:32:12+00:00
206,"BARD AI is a natural language processing model developed by Microsoft Research. It is based on the transformer-based model, which is a self-supervised learning algorithm for understanding. 
https://t.co/upzeBTumax #chatbots #googlebard #artificialintelligence #technology #future",2023-02-26 18:30:41+00:00
207,"BARD AI is a natural language processing model developed by Microsoft Research. It is based on the transformer-based model, which is a self-supervised learning algorithm for understanding. 
https://t.co/upzeBTumax #chatbots #googlebard #artificialintelligence #technology #future",2023-02-26 18:21:12+00:00
208,"BARD AI is a natural language processing model developed by Microsoft Research. It is based on the transformer-based model, which is a self-supervised learning algorithm for understanding. 
https://t.co/upzeBTumax #chatbots #googlebard #artificialintelligence #technology #future",2023-02-26 18:13:35+00:00
209,"BARD AI is a natural language processing model developed by Microsoft Research. It is based on the transformer-based model, which is a self-supervised learning algorithm for understanding. 
https://t.co/upzeBTumax #chatbots #googlebard #artificialintelligence #technology #future",2023-02-26 18:13:05+00:00
210,"BARD AI is a natural language processing model developed by Microsoft Research. It is based on the transformer-based model, which is a self-supervised learning algorithm for understanding. 
https://t.co/upzeBTumax #chatbots #googlebard #artificialintelligence #technology #future",2023-02-26 17:57:00+00:00
211,"BARD AI is a natural language processing model developed by Microsoft Research. It is based on the transformer-based model, which is a self-supervised learning algorithm for understanding. 
https://t.co/upzeBTumax #chatbots #googlebard #artificialintelligence #technology #future",2023-02-26 17:08:45+00:00
212,"BARD AI is a natural language processing model developed by Microsoft Research. It is based on the transformer-based model, which is a self-supervised learning algorithm for understanding. 
https://t.co/upzeBTumax #chatbots #googlebard #artificialintelligence #technology #future",2023-02-26 17:02:14+00:00
213,"BARD AI is a natural language processing model developed by Microsoft Research. It is based on the transformer-based model, which is a self-supervised learning algorithm for understanding. 
https://t.co/upzeBTumax #chatbots #googlebard #artificialintelligence #technology #future",2023-02-26 17:01:36+00:00
214,"BARD AI is a natural language processing model developed by Microsoft Research. It is based on the transformer-based model, which is a self-supervised learning algorithm for understanding. 
https://t.co/upzeBTumax #chatbots #googlebard #artificialintelligence #technology #future",2023-02-26 16:58:30+00:00
215,"BARD AI is a natural language processing model developed by Microsoft Research. It is based on the transformer-based model, which is a self-supervised learning algorithm for understanding. 
https://t.co/upzeBTumax #chatbots #googlebard #artificialintelligence #technology #future",2023-02-26 16:58:27+00:00
216,"BARD AI is a natural language processing model developed by Microsoft Research. It is based on the transformer-based model, which is a self-supervised learning algorithm for understanding. 
https://t.co/upzeBTumax #chatbots #googlebard #artificialintelligence #technology #future",2023-02-26 16:56:46+00:00
217,"@gptfeed gm, I have some

bardabc(.)com
gptbingo(.)com
https://t.co/f1vXJUGe9M
https://t.co/DEJSMVBn6N

are these good?",2023-02-26 14:43:58+00:00
218,"Finnish law questions &amp; https://t.co/OwNCljQdG0 w #GoogleStreetView w #TimeSlider, Maps, Earth, #TensorFlowAI, #GoogleBard, #GTranslate - connecting #FinnishLegalQuestions w #RealisticVirtualFinland or #VirtualFinland &amp; https://t.co/DMUxeNWvbm -centric https://t.co/88Mn7aqDp9?",2023-02-26 13:56:48+00:00
219,"Unlock the potential of AI chatbots with ChatGPT and Google Bard! Learn how to use them, their features, and a detailed comparison in our latest article.
[https://t.co/bm1HCyisff]

 #AIchatbots #ChatGPT #GoogleBard #ArtificialIntelligence #TechNews https://t.co/61v2UfgIGU",2023-02-26 07:03:37+00:00
220,"Why ChatGPT is no danger to Google Search?
It's like comparing apples and oranges, they are totally different tools, created for different purpose, using different datasets, overlapping in some uses, that's it.

#ChatGPT #OpenAI #prometheus #GoogleBard #LLaMA #GenerativeAI #nowar",2023-02-26 00:01:34+00:00
221,@StavUK Fantasy land Stav as MS Edge only has 4% of the market share compared to Google Chrome's 64% and once they sort out GoogleBard the dominance will still be there.,2023-02-25 19:32:40+00:00
222,"Given all the recent talk about #ChatGPT, #GoogleBard and other AI-based tools, and the future of #Regulation of these tools (or content produced by them), which is already being talked about, this is an opportune time to re-share‚Ä¶https://t.co/Bol14Vz6Zj https://t.co/O1hi4p6LYC",2023-02-25 17:42:29+00:00
223,"In the new age of AI, will prompt writing be the next programming?
#openai  #ChatGPT3 #googlebard",2023-02-25 15:44:05+00:00
224,"Current domain holdings for sale (at 
@Undeveloped) 

NFLmeta(.)com
googlebard(.)solutions
googlebard(.)digital
bardabc(.)com
bardcommerce(.)com
ordinalmetaverse(.)com
degenbags(.)com
citrics(.)xyz
gptbingo(.)com

GMI? #domainnames #AI #Bard #ChatGPT

#domainsforsale #domainers https://t.co/Lg65rBrFOe",2023-02-25 15:23:23+00:00
225,"Current domain holdings for sale (at 
@Undeveloped) 

NFLmeta(.)com
googlebard(.)solutions
googlebard(.)digital
bardabc(.)com
bardcommerce(.)com
ordinalmetaverse(.)com
degenbags(.)com
citrics(.)xyz
gptbingo(.)com

GMI? #domainnames #AI #Bard #ChatGPT

#domainsforsale #domainers https://t.co/Lg65rBrFOe",2023-02-25 15:15:59+00:00
226,"Bing being polite?  üôÇ
#BingChatAI
#googlebard https://t.co/qjT4mtviuM",2023-02-25 14:48:16+00:00
227,"Bing being polite?  üôÇ
#BingChatAI
#googlebard https://t.co/qjT4mtviuM",2023-02-25 14:29:04+00:00
228,"I have 90-day COMPLETE calendar  for web 3 folks.
üëâ Ideas
üëâ Topics
üëâ Execution
üëâ Brand Building

Worth $1,000's.

But today - Completely FREE. 

Want it?

RT, Like, and Comment ""web3 "" and I'll DM it to you. 

&gt; Must follow me.
&gt; 1 Day only. 
&gt; 500 Ppl Max. https://t.co/4ylUeWKpko",2023-02-25 13:30:53+00:00
229,"1/3

#ZACHMultimediaSiliconValleyShenanigans 

The Usual Spin Doctors Are Out Weaving Yet Another Yarn With The Support Of Big Media About A Fraudulent Derivative Birthed By Silicon Valley, Despite The Bunglings Of #MicrosoftBingSydney &amp; #GoogleBard. ...

https://t.co/4ymyxzrcEE",2023-02-25 11:35:17+00:00
230,Excited for @GoogleBard_AI ?,2023-02-25 03:48:00+00:00
231,"As #Conscious #HumanTeachers?
How could #WUaS w #GoogleAI's #ChatGPT #GoogleBard https://t.co/0e2G6BbJDB code ""#CSFirst #withGoogle @WorldUnivAndSch"" #CScourse https://t.co/zF1CrXuEJS for #Consciousness #SubjectiveExperience in ALL  https://t.co/vPfIrWR2w9 as #LargeLanguageModel?",2023-02-25 03:15:23+00:00
232,"As #Conscious #HumanTeachers?
How could #WUaS w #GoogleAI's #ChatGPT #GoogleBard https://t.co/VkXkj9Rb1e code ""#CSFirst #withGoogle @WorldUnivAndSch"" #CScourse https://t.co/CrLKmjr3rt for #Consciousness #SubjectiveExperience in ALL  https://t.co/8HVyW0Vl9G as #LargeLanguageModel?",2023-02-25 03:14:33+00:00
233,"How could #WUaS w #GoogleAI's #ChatGPT #GoogleBard https://t.co/VkXkj9Rb1e code ""#CSFirst #withGoogle @WorldUnivAndSch"" #CScourse https://t.co/CrLKmjr3rt for #Consciousness #SubjectiveExperience ALL  https://t.co/8HVyW0Vl9G as #LargeLanguageModel to be #Conscious #HumanTeachers?",2023-02-25 03:14:29+00:00
234,"#MDPsychiatry #WUaSpsychiatry - https://t.co/2UOUorwIhq - in all languages 
w #WUaSartificialIntelligence #GoogleBard #ChatGPT conversation theoretically #JacquesLacanMD #GeorgeLudovicAlexanderMD w #TuftsMedicalCenter #UnivPittMedCtr  #KaiserPermanenteNorCal #LargeLanguageModels?",2023-02-25 03:12:36+00:00
235,"WOULD LIKE TO BRING #sculpture from 1502-1507 ALIVE w #FilmTo3D App fr #WUaSphoto &amp; TALK w each HUMAN figured here, &amp; learn their stories in iterating #AIconversation #ChatGPT #GoogleBard #TombOfFrancisII #LastDukeOfBrittany #NWFrance in #RealisticVirtualEarthForMuseums #WUaSHow? https://t.co/p12Ozpd08m",2023-02-25 03:12:27+00:00
236,"#GoogleAI's #ChatGPT? #GoogleBard https://t.co/xgeY7waNgg #HumanTeachers can be great over say ""#CSFirst #withGoogle @WorldUnivAndSch"" https://t.co/hgWfsEs29l bec. of #Consciousness #SubjectiveExperience Code #WUaS https://t.co/jHXl7KZMoh as
#LargeLanguageModel to be #Conscious?",2023-02-25 03:12:20+00:00
237,"Finnish law questions &amp; https://t.co/mnnm95eJap w #GoogleStreetView w #TimeSlider, Maps, Earth, #TensorFlowAI, #GoogleBard, #GTranslate - connecting #FinnishLegalQuestions w #RealisticVirtualFinland or #VirtualFinland &amp; https://t.co/9XIra5xnzL -centric https://t.co/6nPnqZEsIl?",2023-02-25 03:11:37+00:00
238,"How could #WUaS w #GoogleAI's #ChatGPT #GoogleBard https://t.co/9U0MK43CuW code ""#CSFirst #withGoogle @WorldUnivAndSch"" #CScourse https://t.co/41p8YhQMCR for #Consciousness #SubjectiveExperience ALL  https://t.co/DT10G2ezHu as #LargeLanguageModel to be #Conscious #HumanTeachers?",2023-02-25 02:28:57+00:00
239,"How could #WUaS w #GoogleAI's #ChatGPT #GoogleBard https://t.co/9U0MK43CuW code ""#CSFirst #withGoogle @WorldUnivAndSch"" #CScourse https://t.co/41p8YhQMCR for #Consciousness #SubjectiveExperience ALL  https://t.co/DT10G2ezHu as #LargeLanguageModel to be #Conscious #HumanTeachers?",2023-02-25 02:26:22+00:00
240,"As #Conscious #HumanTeachers?
How could #WUaS w #GoogleAI's #ChatGPT #GoogleBard https://t.co/hZzrCESxuZ code ""#CSFirst #withGoogle @WorldUnivAndSch"" #CScourse https://t.co/MCszVAfenL for #Consciousness #SubjectiveExperience in ALL  https://t.co/5gPNFnivRL as #LargeLanguageModel?",2023-02-24 21:49:22+00:00
241,"As #Conscious #HumanTeachers?
How could #WUaS w #GoogleAI's #ChatGPT #GoogleBard https://t.co/0e2G6BbJDB code ""#CSFirst #withGoogle @WorldUnivAndSch"" #CScourse https://t.co/zF1CrXuEJS for #Consciousness #SubjectiveExperience in ALL  https://t.co/vPfIrWR2w9 as #LargeLanguageModel?",2023-02-24 21:48:45+00:00
242,"The HBR Article on GenAI, ChaptGPT, Bing, and Google Bard is interesting. This article presents an objective analysis of the technology adoption among all the hypes. 
#GenAI #chatgpt3 #googlebard #ai #aiml #artificialintelligence https://t.co/F8JiObayLf",2023-02-24 20:43:49+00:00
